file, line, call sites (rip), function type, work on work, span on work, parallelism on work, count on work, top work on work, top span on work, top parallelism on work, top count on work, local work on work, local span on work, local parallelism on work, local count on work, work on span, span on span, parallelism on span, count on span, top work on span, top span on span, top parallelism on span, top count on span, local work on span, local span on span, local parallelism on span, local count on span 
"??", 0, 0x403080, cilk, 543734060, 3507896, 155.003, 1, 0, 0, -nan, 0, 392, 168, 2.33333, 1, 543734060, 3507896, 155.003, 1, 0, 0, -nan, 0, 392, 168, 2.33333, 1
"??", 0, 0x40304e, cilk, 30570904, 445864, 68.5655, 1, 0, 0, -nan, 0, 1664, 1460, 1.13973, 1, 30570904, 445864, 68.5655, 1, 0, 0, -nan, 0, 1664, 1460, 1.13973, 1
"heat.c", 0, 0x403d57, cilk recursive, 142054701896, 5221727988, 27.2045, 8016, 142054701896, 5221727988, 27.2045, 8016, 71289446000, 19549408, 3646.63, 255510, 2902913292, 36487704, 79.5587, 42, 2902913292, 36487704, 79.5587, 42, 26804364, 23496, 1140.81, 236
"??", 0, 0x4027ae, helper recursive, 142055892016, 5222918108, 27.1986, 8016, 106868353356, 1431822120, 74.638, 2004, 32843452, 32843452, 1, 255510, 2902964936, 36539348, 79.4476, 42, 2810744496, 31089656, 90.4077, 38, 78480, 78480, 1, 236
"??", 0, 0x4030f6, cilk, 142280808796, 797928652, 178.313, 1000, 0, 0, -nan, 0, 395536, 184904, 2.13914, 1000, 142280808796, 797928652, 178.313, 1000, 0, 0, -nan, 0, 395536, 184904, 2.13914, 1000
"??", 0, 0x4027f8, cilk recursive, 142357317940, 5301356436, 26.853, 8016, 107315473732, 1508930296, 71.1202, 2004, 71532426716, 36701900, 1949.01, 255510, 69670559564, 800042460, 87.0836, 1002, 69455624420, 782286348, 88.7854, 979, 771083324, 1752124, 440.085, 7780
